{"cameraMode":{"drawMode":0,"name":"Shaded","section":"Shading Mode"},"sceneLighting":true,"audioPlay":false,"sceneViewState":{"m_AlwaysRefresh":false,"showFog":true,"showSkybox":true,"showFlares":true,"showImageEffects":true,"showParticleSystems":true,"showVisualEffectGraphs":true,"m_FxEnabled":true},"in2DMode":false,"pivot":{"x":-0.06346121430397034,"y":1.1769949197769166,"z":-0.06194097548723221},"rotation":{"x":-0.27930977940559389,"y":-0.11679809540510178,"z":0.03448500484228134,"w":-0.9523593187332153},"size":0.04528902471065521,"orthographic":false}